{
	"credit": "Made with Blockbench",
	"textures": {
		"0": "block/spruce_planks",
		"1": "block/netherite_block",
		"2": "block/terracotta",
		"3": "block/coal_block",
		"4": "block/basalt_side",
		"5": "block/honey_block_top",
		"particle": "block/spruce_planks"
	},
	"elements": [
		{
			"from": [7, 1, 20],
			"to": [9, 7, 22],
			"rotation": {"angle": 0, "axis": "x", "origin": [7.99476, 10.18437, 11.72826]},
			"faces": {
				"north": {"uv": [0, 0, 2, 6], "texture": "#2"},
				"east": {"uv": [0, 0, 2, 6], "texture": "#2"},
				"south": {"uv": [0, 0, 2, 6], "texture": "#2"},
				"west": {"uv": [0, 0, 2, 6], "texture": "#2"},
				"up": {"uv": [0, 0, 2, 2], "texture": "#2"},
				"down": {"uv": [0, 0, 2, 2], "texture": "#2"}
			}
		},
		{
			"from": [7, 6.75, 19],
			"to": [9, 9, 22],
			"rotation": {"angle": 0, "axis": "y", "origin": [7.99476, 10.18437, 11.72826]},
			"faces": {
				"north": {"uv": [0, 0, 2, 2.25], "texture": "#2"},
				"east": {"uv": [0, 0, 3, 2.25], "texture": "#2"},
				"south": {"uv": [0, 0, 2, 2.25], "texture": "#2"},
				"west": {"uv": [0, 0, 3, 2.25], "texture": "#2"},
				"up": {"uv": [0, 0, 2, 3], "texture": "#2"},
				"down": {"uv": [0, 0, 2, 3], "texture": "#2"}
			}
		},
		{
			"from": [7, 6.75, 16],
			"to": [9, 7.25, 19],
			"rotation": {"angle": 0, "axis": "y", "origin": [7.99476, 10.18437, 11.72826]},
			"faces": {
				"north": {"uv": [0, 0, 2, 0.5], "texture": "#3"},
				"east": {"uv": [0, 0, 3, 0.5], "texture": "#3"},
				"south": {"uv": [0, 0, 2, 0.5], "texture": "#3"},
				"west": {"uv": [0, 0, 3, 0.5], "texture": "#3"},
				"up": {"uv": [0, 0, 2, 3], "texture": "#3"},
				"down": {"uv": [0, 0, 2, 3], "texture": "#3"}
			}
		},
		{
			"from": [7, 5.58707, 14.30294],
			"to": [9, 8.33707, 15.30294],
			"rotation": {"angle": -22.5, "axis": "x", "origin": [7.99476, 10.18437, 11.72826]},
			"faces": {
				"north": {"uv": [0, 0, 2, 2.75], "rotation": 180, "texture": "#3"},
				"east": {"uv": [0, 0, 2.75, 1], "rotation": 90, "texture": "#3"},
				"south": {"uv": [0, 0, 2, 2.75], "texture": "#3"},
				"west": {"uv": [0, 0, 2.75, 1], "rotation": 270, "texture": "#3"},
				"up": {"uv": [0, 0, 2, 1], "texture": "#3"},
				"down": {"uv": [0, 0, 2, 1], "rotation": 180, "texture": "#3"}
			}
		},
		{
			"from": [7.5, 7.82611, 17.88948],
			"to": [8.5, 9.82611, 18.38948],
			"rotation": {"angle": 22.5, "axis": "x", "origin": [8, 8.82611, 18.13948]},
			"faces": {
				"north": {"uv": [0, 0, 1, 2], "rotation": 180, "texture": "#3"},
				"east": {"uv": [0, 0, 2, 0.5], "rotation": 270, "texture": "#3"},
				"south": {"uv": [0, 0, 1, 2], "texture": "#3"},
				"west": {"uv": [0, 0, 2, 0.5], "rotation": 90, "texture": "#3"},
				"up": {"uv": [0, 0, 1, 0.5], "rotation": 180, "texture": "#3"},
				"down": {"uv": [0, 0, 1, 0.5], "texture": "#3"}
			}
		},
		{
			"from": [7, 11.5, 3],
			"to": [9, 13, 20],
			"rotation": {"angle": 0, "axis": "y", "origin": [7.99476, 10.18437, 11.72826]},
			"faces": {
				"north": {"uv": [0, 0, 2, 1.5], "texture": "#1"},
				"east": {"uv": [0, 2, 16, 4], "texture": "#1"},
				"south": {"uv": [0, 0, 2, 1.5], "texture": "#1"},
				"west": {"uv": [0, 2, 16, 4], "texture": "#1"},
				"up": {"uv": [4, 0, 6, 16], "texture": "#1"},
				"down": {"uv": [0, 0, 2, 16], "texture": "#1"}
			}
		},
		{
			"from": [6.75, 9, 8],
			"to": [9.25, 12, 22],
			"rotation": {"angle": 0, "axis": "y", "origin": [7.99476, 10.18437, 11.72826]},
			"faces": {
				"north": {"uv": [0, 0, 2.5, 3], "texture": "#1"},
				"east": {"uv": [1, 3, 15, 6], "texture": "#1"},
				"south": {"uv": [0, 0, 2.5, 3], "texture": "#1"},
				"west": {"uv": [1, 3, 15, 6], "texture": "#1"},
				"up": {"uv": [3, 1, 6, 15], "texture": "#1"},
				"down": {"uv": [4, 1, 7, 15], "texture": "#1"}
			}
		},
		{
			"from": [6.75, 11.4, -2],
			"to": [9.25, 13.1, 5],
			"rotation": {"angle": 0, "axis": "y", "origin": [7.99476, 10.18437, 11.72826]},
			"faces": {
				"north": {"uv": [0, 2, 3, 4], "texture": "#0"},
				"east": {"uv": [0, 2, 7, 4], "texture": "#0"},
				"south": {"uv": [0, 2, 3, 4], "texture": "#0"},
				"west": {"uv": [0, 2, 7, 4], "texture": "#0"},
				"up": {"uv": [0, 0, 2.5, 7], "texture": "#0"},
				"down": {"uv": [0, 0, 2.5, 7], "texture": "#0"}
			}
		},
		{
			"from": [6.75, 9, 1],
			"to": [9.25, 11.5, 8],
			"rotation": {"angle": 0, "axis": "y", "origin": [7.99476, 10.18437, 11.72826]},
			"faces": {
				"north": {"uv": [0, 2, 3, 5], "texture": "#0"},
				"east": {"uv": [0, 3, 7, 6], "texture": "#0"},
				"south": {"uv": [0, 2, 3, 5], "texture": "#0"},
				"west": {"uv": [0, 2, 7, 5], "texture": "#0"},
				"up": {"uv": [0, 0, 2.5, 7], "texture": "#0"},
				"down": {"uv": [0, 0, 2.5, 7], "texture": "#0"}
			}
		},
		{
			"from": [7.27528, 9.91126, -9],
			"to": [8.27528, 10.91126, 1],
			"rotation": {"angle": -45, "axis": "z", "origin": [7.99476, 10.18437, 11.72826]},
			"faces": {
				"north": {"uv": [0, 0, 1, 1], "texture": "#1"},
				"east": {"uv": [4, 5, 14, 6], "texture": "#1"},
				"south": {"uv": [0, 0, 1, 1], "texture": "#1"},
				"west": {"uv": [3, 6, 13, 7], "texture": "#1"},
				"up": {"uv": [5, 3, 6, 13], "texture": "#1"},
				"down": {"uv": [4, 2, 5, 12], "texture": "#1"}
			}
		},
		{
			"from": [7.52528, 10.16126, -9.5],
			"to": [8.02528, 10.66126, -8.5],
			"rotation": {"angle": -45, "axis": "z", "origin": [7.99476, 10.18437, 2.22826]},
			"faces": {
				"north": {"uv": [0, 0, 1, 1], "texture": "#3"},
				"east": {"uv": [4, 5, 14, 6], "texture": "#3"},
				"south": {"uv": [0, 0, 1, 1], "texture": "#3"},
				"west": {"uv": [3, 6, 13, 7], "texture": "#3"},
				"up": {"uv": [5, 3, 6, 13], "texture": "#3"},
				"down": {"uv": [4, 2, 5, 12], "texture": "#3"}
			}
		},
		{
			"from": [5.86107, 11.32547, -6],
			"to": [6.86107, 12.32547, -2],
			"rotation": {"angle": -45, "axis": "z", "origin": [7.99476, 10.18437, 11.72826]},
			"faces": {
				"north": {"uv": [0, 0, 1, 1], "texture": "#1"},
				"east": {"uv": [3, 5, 7, 6], "texture": "#1"},
				"south": {"uv": [0, 0, 1, 1], "texture": "#1"},
				"west": {"uv": [7, 5, 11, 6], "texture": "#1"},
				"up": {"uv": [5, 5, 6, 9], "texture": "#1"},
				"down": {"uv": [4, 3, 5, 7], "texture": "#1"}
			}
		},
		{
			"from": [7.75, 17.80985, -5.72422],
			"to": [8.25, 18.55985, -1.72422],
			"rotation": {"angle": -22.5, "axis": "x", "origin": [7.99476, 10.18437, 11.72826]},
			"faces": {
				"north": {"uv": [0, 0, 0.75, 0.5], "rotation": 270, "texture": "#1"},
				"east": {"uv": [0, 0, 0.75, 4], "rotation": 90, "texture": "#1"},
				"south": {"uv": [0, 0, 0.75, 0.5], "rotation": 90, "texture": "#1"},
				"west": {"uv": [0, 0, 0.75, 4], "rotation": 90, "texture": "#1"},
				"up": {"uv": [0, 0, 4, 0.5], "rotation": 90, "texture": "#1"},
				"down": {"uv": [0, 0, 4, 0.5], "rotation": 90, "texture": "#1"}
			}
		},
		{
			"from": [7, 10, 22],
			"to": [9, 12, 30],
			"rotation": {"angle": 0, "axis": "y", "origin": [7.99476, 10.18437, 11.72826]},
			"faces": {
				"north": {"uv": [0, 0, 2, 2], "texture": "#0"},
				"east": {"uv": [0, 0, 8, 2], "texture": "#0"},
				"south": {"uv": [0, 0, 2, 2], "texture": "#0"},
				"west": {"uv": [0, 0, 8, 2], "texture": "#0"},
				"up": {"uv": [0, 0, 2, 8], "texture": "#0"},
				"down": {"uv": [0, 0, 2, 8], "texture": "#0"}
			}
		},
		{
			"from": [7, 13.16903, 20.44299],
			"to": [9, 15.16903, 29.44299],
			"rotation": {"angle": 22.5, "axis": "x", "origin": [7.99476, 10.18437, 11.72826]},
			"faces": {
				"north": {"uv": [0, 0, 2, 2], "texture": "#0"},
				"east": {"uv": [0, 0, 9, 2], "texture": "#0"},
				"south": {"uv": [0, 0, 2, 2], "texture": "#0"},
				"west": {"uv": [0, 0, 9, 2], "texture": "#0"},
				"up": {"uv": [0, 0, 2, 9], "texture": "#0"},
				"down": {"uv": [0, 0, 2, 9], "texture": "#0"}
			}
		},
		{
			"from": [7, 8, 25],
			"to": [9, 10, 30],
			"rotation": {"angle": 0, "axis": "x", "origin": [7.99476, 10.18437, 11.72826]},
			"faces": {
				"north": {"uv": [0, 0, 2, 2], "texture": "#0"},
				"east": {"uv": [0, 0, 5, 2], "texture": "#0"},
				"south": {"uv": [0, 0, 2, 2], "texture": "#0"},
				"west": {"uv": [0, 0, 5, 2], "texture": "#0"},
				"up": {"uv": [0, 0, 2, 5], "texture": "#0"},
				"down": {"uv": [0, 0, 2, 5], "texture": "#0"}
			}
		},
		{
			"from": [7, 6, 30],
			"to": [9, 12, 32],
			"rotation": {"angle": 0, "axis": "x", "origin": [7.99476, 10.18437, 11.72826]},
			"faces": {
				"north": {"uv": [0, 0, 2, 6], "rotation": 180, "texture": "#0"},
				"east": {"uv": [0, 0, 6, 2], "rotation": 270, "texture": "#0"},
				"south": {"uv": [0, 0, 2, 6], "texture": "#0"},
				"west": {"uv": [0, 0, 6, 2], "rotation": 90, "texture": "#0"},
				"up": {"uv": [0, 0, 2, 2], "rotation": 180, "texture": "#0"},
				"down": {"uv": [0, 0, 2, 2], "texture": "#0"}
			}
		},
		{
			"from": [7, 6.25, 29],
			"to": [9, 8.25, 30],
			"rotation": {"angle": 0, "axis": "x", "origin": [7.99476, 10.18437, 11.72826]},
			"faces": {
				"north": {"uv": [0, 0, 2, 2], "texture": "#0"},
				"east": {"uv": [0, 0, 1, 2], "texture": "#0"},
				"south": {"uv": [0, 0, 2, 2], "texture": "#0"},
				"west": {"uv": [0, 0, 1, 2], "texture": "#0"},
				"up": {"uv": [0, 0, 2, 1], "texture": "#0"},
				"down": {"uv": [0, 0, 2, 1], "texture": "#0"}
			}
		},
		{
			"from": [7, -1.49614, 9.96225],
			"to": [9, 9.50386, 12.96225],
			"rotation": {"angle": 22.5, "axis": "x", "origin": [7.99476, 10.18437, 11.72826]},
			"faces": {
				"north": {"uv": [0, 0, 2, 11], "texture": "#4"},
				"east": {"uv": [0, 0, 3, 11], "texture": "#4"},
				"south": {"uv": [0, 0, 2, 11], "texture": "#4"},
				"west": {"uv": [0, 0, 3, 11], "texture": "#4"},
				"up": {"uv": [0, 0, 2, 3], "texture": "#4"},
				"down": {"uv": [0, 0, 2, 3], "texture": "#4"}
			}
		},
		{
			"from": [7.85, 13, 4],
			"to": [8.1, 13.75, 4.25],
			"rotation": {"angle": 0, "axis": "y", "origin": [7.99476, 10.18437, 11.72826]},
			"faces": {
				"north": {"uv": [0, 0, 0.25, 0.75], "texture": "#3"},
				"east": {"uv": [0, 0, 0.25, 0.75], "texture": "#3"},
				"south": {"uv": [0, 0, 0.25, 0.75], "texture": "#3"},
				"west": {"uv": [0, 0, 0.25, 0.75], "texture": "#3"},
				"up": {"uv": [0, 0, 0.25, 0.25], "texture": "#3"},
				"down": {"uv": [0, 0, 0.25, 0.25], "texture": "#3"}
			}
		},
		{
			"from": [7.85, 13, -4],
			"to": [8.1, 14.25, -3.75],
			"rotation": {"angle": 0, "axis": "y", "origin": [7.99476, 10.18437, 11.72826]},
			"faces": {
				"north": {"uv": [0, 0, 0.25, 1.25], "texture": "#5"},
				"east": {"uv": [0, 0, 0.25, 1.25], "texture": "#5"},
				"south": {"uv": [0, 0, 0.25, 1.25], "texture": "#5"},
				"west": {"uv": [0, 0, 0.25, 1.25], "texture": "#5"},
				"up": {"uv": [0, 0, 0.25, 0.25], "texture": "#5"},
				"down": {"uv": [0, 0, 0.25, 0.25], "texture": "#5"}
			}
		},
		{
			"from": [7.05222, 12.89312, 5],
			"to": [7.30222, 13.89312, 5.25],
			"rotation": {"angle": -22.5, "axis": "z", "origin": [7.99476, 10.18437, 11.72826]},
			"faces": {
				"north": {"uv": [0, 0, 0.25, 1], "texture": "#4"},
				"east": {"uv": [0, 0, 0.25, 1], "texture": "#4"},
				"south": {"uv": [0, 0, 0.25, 1], "texture": "#4"},
				"west": {"uv": [0, 0, 0.25, 1], "texture": "#4"},
				"up": {"uv": [0, 0, 0.25, 0.25], "texture": "#4"},
				"down": {"uv": [0, 0, 0.25, 0.25], "texture": "#4"}
			}
		},
		{
			"from": [8.66601, 12.98479, 5],
			"to": [8.91601, 13.98479, 5.25],
			"rotation": {"angle": 22.5, "axis": "z", "origin": [7.99476, 10.18437, 11.72826]},
			"faces": {
				"north": {"uv": [0, 0, 0.25, 1], "texture": "#4"},
				"east": {"uv": [0, 0, 0.25, 1], "texture": "#4"},
				"south": {"uv": [0, 0, 0.25, 1], "texture": "#4"},
				"west": {"uv": [0, 0, 0.25, 1], "texture": "#4"},
				"up": {"uv": [0, 0, 0.25, 0.25], "texture": "#4"},
				"down": {"uv": [0, 0, 0.25, 0.25], "texture": "#4"}
			}
		},
		{
			"from": [7.25, 13, 5],
			"to": [8.75, 13.5, 5.5],
			"rotation": {"angle": 0, "axis": "y", "origin": [7.99476, 10.18437, 11.72826]},
			"faces": {
				"north": {"uv": [0, 0, 1.5, 0.5], "texture": "#4"},
				"east": {"uv": [0, 0, 0.5, 0.5], "texture": "#4"},
				"south": {"uv": [0, 0, 1.5, 0.5], "texture": "#4"},
				"west": {"uv": [0, 0, 0.5, 0.5], "texture": "#4"},
				"up": {"uv": [0, 0, 1.5, 0.5], "texture": "#4"},
				"down": {"uv": [0, 0, 1.5, 0.5], "texture": "#4"}
			}
		}
	],
	"display": {
		"thirdperson_righthand": {
			"rotation": [-1, -17, 0],
			"translation": [0, -0.25, -4.25],
			"scale": [0.5, 0.5, 0.5]
		},
		"thirdperson_lefthand": {
			"rotation": [-1, -17, 0],
			"translation": [0, -0.25, -4.25],
			"scale": [0.5, 0.5, 0.5]
		},
		"firstperson_righthand": {
			"rotation": [-1, -10, 0],
			"translation": [2.25, 0.25, -5.5]
		},
		"firstperson_lefthand": {
			"rotation": [-1, -10, 0],
			"translation": [2.25, 0.25, -5.5]
		},
		"ground": {
			"rotation": [16, 0, 88],
			"translation": [0, 8.25, 0]
		},
		"gui": {
			"rotation": [28, 57, 0],
			"translation": [-1.25, 0, 0],
			"scale": [0.4, 0.4, 0.4]
		},
		"head": {
			"rotation": [90, 0, 0],
			"translation": [0, 30.75, -0.75]
		},
		"fixed": {
			"rotation": [0, 90, 0],
			"translation": [-5.75, 0.5, -2]
		}
	}
}