{
	"credit": "Made with Blockbench",
	"textures": {
		"0": "block/blackstone",
		"1": "block/green_concrete",
		"3": "block/andesite",
		"4": "block/honeycomb_block",
		"particle": "block/blackstone"
	},
	"elements": [
		{
			"from": [7, 0, 7],
			"to": [9, 1, 9],
			"rotation": {"angle": 0, "axis": "y", "origin": [15, 8, 15]},
			"faces": {
				"north": {"uv": [0, 0, 2, 1], "texture": "#1"},
				"east": {"uv": [0, 0, 2, 1], "texture": "#1"},
				"south": {"uv": [0, 0, 2, 1], "texture": "#1"},
				"west": {"uv": [0, 0, 2, 1], "texture": "#1"},
				"up": {"uv": [0, 0, 2, 2], "texture": "#1"},
				"down": {"uv": [0, 0, 2, 2], "texture": "#1"}
			}
		},
		{
			"from": [6.5, 0.5, 6.5],
			"to": [9.5, 1.5, 9.5],
			"rotation": {"angle": 0, "axis": "y", "origin": [15, 8.5, 15]},
			"faces": {
				"north": {"uv": [0, 0, 3, 1], "texture": "#1"},
				"east": {"uv": [0, 0, 3, 1], "texture": "#1"},
				"south": {"uv": [0, 0, 3, 1], "texture": "#1"},
				"west": {"uv": [0, 0, 3, 1], "texture": "#1"},
				"up": {"uv": [0, 0, 3, 3], "texture": "#1"},
				"down": {"uv": [0, 0, 3, 3], "texture": "#1"}
			}
		},
		{
			"from": [6.5, 4, 6.5],
			"to": [9.5, 5, 9.5],
			"rotation": {"angle": 0, "axis": "y", "origin": [15, 12, 15]},
			"faces": {
				"north": {"uv": [0, 0, 3, 1], "texture": "#1"},
				"east": {"uv": [0, 0, 3, 1], "texture": "#1"},
				"south": {"uv": [0, 0, 3, 1], "texture": "#1"},
				"west": {"uv": [0, 0, 3, 1], "texture": "#1"},
				"up": {"uv": [0, 0, 3, 3], "texture": "#1"},
				"down": {"uv": [0, 0, 3, 3], "texture": "#1"}
			}
		},
		{
			"from": [7.25, 5.75, 6.5],
			"to": [8.75, 6.75, 9.5],
			"rotation": {"angle": 0, "axis": "y", "origin": [15, 13.75, 15]},
			"faces": {
				"north": {"uv": [0, 0, 1.5, 1], "texture": "#3"},
				"east": {"uv": [0, 0, 3, 1], "texture": "#3"},
				"south": {"uv": [0, 0, 1.5, 1], "texture": "#3"},
				"west": {"uv": [0, 0, 3, 1], "texture": "#3"},
				"up": {"uv": [0, 0, 1.5, 3], "texture": "#3"},
				"down": {"uv": [0, 0, 1.5, 3], "texture": "#3"}
			}
		},
		{
			"from": [7.25, 5.75, 6],
			"to": [8.75, 6.5, 6.5],
			"rotation": {"angle": 0, "axis": "y", "origin": [15, 13.75, 14]},
			"faces": {
				"north": {"uv": [0, 0, 1.5, 0.75], "texture": "#3"},
				"east": {"uv": [0, 0, 0.5, 0.75], "texture": "#3"},
				"south": {"uv": [0, 0, 1.5, 0.75], "texture": "#3"},
				"west": {"uv": [0, 0, 0.5, 0.75], "texture": "#3"},
				"up": {"uv": [0, 0, 1.5, 0.5], "texture": "#3"},
				"down": {"uv": [0, 0, 1.5, 0.5], "texture": "#3"}
			}
		},
		{
			"from": [7.5, 5, 6],
			"to": [8.5, 6.75, 6.5],
			"rotation": {"angle": 22.5, "axis": "x", "origin": [8, 6.25, 5]},
			"faces": {
				"north": {"uv": [0, 0, 1, 1.75], "rotation": 180, "texture": "#3"},
				"east": {"uv": [0, 0, 1.75, 0.5], "rotation": 90, "texture": "#3"},
				"south": {"uv": [0, 0, 1, 1.75], "texture": "#3"},
				"west": {"uv": [0, 0, 1.75, 0.5], "rotation": 270, "texture": "#3"},
				"up": {"uv": [0, 0, 1, 0.5], "texture": "#3"},
				"down": {"uv": [0, 0, 1, 0.5], "rotation": 180, "texture": "#3"}
			}
		},
		{
			"from": [7.5, 1.75, 5.5],
			"to": [8.5, 4.75, 6],
			"rotation": {"angle": 0, "axis": "x", "origin": [8, 5.25, 5]},
			"faces": {
				"north": {"uv": [0, 0, 1, 3], "rotation": 180, "texture": "#3"},
				"east": {"uv": [0, 0, 3, 0.5], "rotation": 90, "texture": "#3"},
				"south": {"uv": [0, 0, 1, 3], "texture": "#3"},
				"west": {"uv": [0, 0, 3, 0.5], "rotation": 270, "texture": "#3"},
				"up": {"uv": [0, 0, 1, 0.5], "texture": "#3"},
				"down": {"uv": [0, 0, 1, 0.5], "rotation": 180, "texture": "#3"}
			}
		},
		{
			"from": [7, 4.75, 7],
			"to": [9, 5.75, 9],
			"rotation": {"angle": 0, "axis": "y", "origin": [15, 12.75, 15]},
			"faces": {
				"north": {"uv": [0, 0, 2, 1], "texture": "#4"},
				"east": {"uv": [0, 0, 2, 1], "texture": "#4"},
				"south": {"uv": [0, 0, 2, 1], "texture": "#4"},
				"west": {"uv": [0, 0, 2, 1], "texture": "#4"},
				"up": {"uv": [0, 0, 2, 2], "texture": "#4"},
				"down": {"uv": [0, 0, 2, 2], "texture": "#4"}
			}
		},
		{
			"from": [6.25, 3.5, 6.25],
			"to": [7.75, 4.5, 7.75],
			"rotation": {"angle": 0, "axis": "y", "origin": [15, 11.5, 15]},
			"faces": {
				"north": {"uv": [0, 0, 1.5, 1], "texture": "#1"},
				"east": {"uv": [0, 0, 1.5, 1], "texture": "#1"},
				"south": {"uv": [0, 0, 1.5, 1], "texture": "#1"},
				"west": {"uv": [0, 0, 1.5, 1], "texture": "#1"},
				"up": {"uv": [0, 0, 1.5, 1.5], "texture": "#1"},
				"down": {"uv": [0, 0, 1.5, 1.5], "texture": "#1"}
			}
		},
		{
			"from": [6.25, 2.3, 6.25],
			"to": [7.75, 3.3, 7.75],
			"rotation": {"angle": 0, "axis": "y", "origin": [15, 10.3, 15]},
			"faces": {
				"north": {"uv": [0, 0, 1.5, 1], "texture": "#1"},
				"east": {"uv": [0, 0, 1.5, 1], "texture": "#1"},
				"south": {"uv": [0, 0, 1.5, 1], "texture": "#1"},
				"west": {"uv": [0, 0, 1.5, 1], "texture": "#1"},
				"up": {"uv": [0, 0, 1.5, 1.5], "texture": "#1"},
				"down": {"uv": [0, 0, 1.5, 1.5], "texture": "#1"}
			}
		},
		{
			"from": [6.25, 1, 6.25],
			"to": [7.75, 2, 7.75],
			"rotation": {"angle": 0, "axis": "y", "origin": [15, 9, 15]},
			"faces": {
				"north": {"uv": [0, 0, 1.5, 1], "texture": "#1"},
				"east": {"uv": [0, 0, 1.5, 1], "texture": "#1"},
				"south": {"uv": [0, 0, 1.5, 1], "texture": "#1"},
				"west": {"uv": [0, 0, 1.5, 1], "texture": "#1"},
				"up": {"uv": [0, 0, 1.5, 1.5], "texture": "#1"},
				"down": {"uv": [0, 0, 1.5, 1.5], "texture": "#1"}
			}
		},
		{
			"from": [8.25, 3.5, 6.25],
			"to": [9.75, 4.5, 7.75],
			"rotation": {"angle": 0, "axis": "y", "origin": [17, 11.5, 15]},
			"faces": {
				"north": {"uv": [0, 0, 1.5, 1], "texture": "#1"},
				"east": {"uv": [0, 0, 1.5, 1], "texture": "#1"},
				"south": {"uv": [0, 0, 1.5, 1], "texture": "#1"},
				"west": {"uv": [0, 0, 1.5, 1], "texture": "#1"},
				"up": {"uv": [0, 0, 1.5, 1.5], "texture": "#1"},
				"down": {"uv": [0, 0, 1.5, 1.5], "texture": "#1"}
			}
		},
		{
			"from": [8.25, 2.3, 6.25],
			"to": [9.75, 3.3, 7.75],
			"rotation": {"angle": 0, "axis": "y", "origin": [17, 10.3, 15]},
			"faces": {
				"north": {"uv": [0, 0, 1.5, 1], "texture": "#1"},
				"east": {"uv": [0, 0, 1.5, 1], "texture": "#1"},
				"south": {"uv": [0, 0, 1.5, 1], "texture": "#1"},
				"west": {"uv": [0, 0, 1.5, 1], "texture": "#1"},
				"up": {"uv": [0, 0, 1.5, 1.5], "texture": "#1"},
				"down": {"uv": [0, 0, 1.5, 1.5], "texture": "#1"}
			}
		},
		{
			"from": [8.25, 1, 6.25],
			"to": [9.75, 2, 7.75],
			"rotation": {"angle": 0, "axis": "y", "origin": [17, 9, 15]},
			"faces": {
				"north": {"uv": [0, 0, 1.5, 1], "texture": "#1"},
				"east": {"uv": [0, 0, 1.5, 1], "texture": "#1"},
				"south": {"uv": [0, 0, 1.5, 1], "texture": "#1"},
				"west": {"uv": [0, 0, 1.5, 1], "texture": "#1"},
				"up": {"uv": [0, 0, 1.5, 1.5], "texture": "#1"},
				"down": {"uv": [0, 0, 1.5, 1.5], "texture": "#1"}
			}
		},
		{
			"from": [8.25, 3.5, 8.25],
			"to": [9.75, 4.5, 9.75],
			"rotation": {"angle": 0, "axis": "y", "origin": [17, 11.5, 17]},
			"faces": {
				"north": {"uv": [0, 0, 1.5, 1], "texture": "#1"},
				"east": {"uv": [0, 0, 1.5, 1], "texture": "#1"},
				"south": {"uv": [0, 0, 1.5, 1], "texture": "#1"},
				"west": {"uv": [0, 0, 1.5, 1], "texture": "#1"},
				"up": {"uv": [0, 0, 1.5, 1.5], "texture": "#1"},
				"down": {"uv": [0, 0, 1.5, 1.5], "texture": "#1"}
			}
		},
		{
			"from": [8.25, 2.3, 8.25],
			"to": [9.75, 3.3, 9.75],
			"rotation": {"angle": 0, "axis": "y", "origin": [17, 10.3, 17]},
			"faces": {
				"north": {"uv": [0, 0, 1.5, 1], "texture": "#1"},
				"east": {"uv": [0, 0, 1.5, 1], "texture": "#1"},
				"south": {"uv": [0, 0, 1.5, 1], "texture": "#1"},
				"west": {"uv": [0, 0, 1.5, 1], "texture": "#1"},
				"up": {"uv": [0, 0, 1.5, 1.5], "texture": "#1"},
				"down": {"uv": [0, 0, 1.5, 1.5], "texture": "#1"}
			}
		},
		{
			"from": [8.25, 1, 8.25],
			"to": [9.75, 2, 9.75],
			"rotation": {"angle": 0, "axis": "y", "origin": [17, 9, 17]},
			"faces": {
				"north": {"uv": [0, 0, 1.5, 1], "texture": "#1"},
				"east": {"uv": [0, 0, 1.5, 1], "texture": "#1"},
				"south": {"uv": [0, 0, 1.5, 1], "texture": "#1"},
				"west": {"uv": [0, 0, 1.5, 1], "texture": "#1"},
				"up": {"uv": [0, 0, 1.5, 1.5], "texture": "#1"},
				"down": {"uv": [0, 0, 1.5, 1.5], "texture": "#1"}
			}
		},
		{
			"from": [6.25, 3.5, 8.25],
			"to": [7.75, 4.5, 9.75],
			"rotation": {"angle": 0, "axis": "y", "origin": [15, 11.5, 17.25]},
			"faces": {
				"north": {"uv": [0, 0, 1.5, 1], "texture": "#1"},
				"east": {"uv": [0, 0, 1.5, 1], "texture": "#1"},
				"south": {"uv": [0, 0, 1.5, 1], "texture": "#1"},
				"west": {"uv": [0, 0, 1.5, 1], "texture": "#1"},
				"up": {"uv": [0, 0, 1.5, 1.5], "texture": "#1"},
				"down": {"uv": [0, 0, 1.5, 1.5], "texture": "#1"}
			}
		},
		{
			"from": [6.25, 2.3, 8.25],
			"to": [7.75, 3.3, 9.75],
			"rotation": {"angle": 0, "axis": "y", "origin": [15, 10.3, 17.25]},
			"faces": {
				"north": {"uv": [0, 0, 1.5, 1], "texture": "#1"},
				"east": {"uv": [0, 0, 1.5, 1], "texture": "#1"},
				"south": {"uv": [0, 0, 1.5, 1], "texture": "#1"},
				"west": {"uv": [0, 0, 1.5, 1], "texture": "#1"},
				"up": {"uv": [0, 0, 1.5, 1.5], "texture": "#1"},
				"down": {"uv": [0, 0, 1.5, 1.5], "texture": "#1"}
			}
		},
		{
			"from": [6.25, 1, 8.25],
			"to": [7.75, 2, 9.75],
			"rotation": {"angle": 0, "axis": "y", "origin": [15, 9, 17.25]},
			"faces": {
				"north": {"uv": [0, 0, 1.5, 1], "texture": "#1"},
				"east": {"uv": [0, 0, 1.5, 1], "texture": "#1"},
				"south": {"uv": [0, 0, 1.5, 1], "texture": "#1"},
				"west": {"uv": [0, 0, 1.5, 1], "texture": "#1"},
				"up": {"uv": [0, 0, 1.5, 1.5], "texture": "#1"},
				"down": {"uv": [0, 0, 1.5, 1.5], "texture": "#1"}
			}
		},
		{
			"from": [6.25, 1, 7.75],
			"to": [9.75, 2, 8.25],
			"rotation": {"angle": 0, "axis": "y", "origin": [15, 9, 16.75]},
			"faces": {
				"north": {"uv": [0, 0, 3.5, 1], "texture": "#0"},
				"east": {"uv": [0, 0, 0.5, 1], "texture": "#0"},
				"south": {"uv": [0, 0, 3.5, 1], "texture": "#0"},
				"west": {"uv": [0, 0, 0.5, 1], "texture": "#0"},
				"up": {"uv": [0, 0, 3.5, 0.5], "texture": "#0"},
				"down": {"uv": [0, 0, 3.5, 0.5], "texture": "#0"}
			}
		},
		{
			"from": [6.25, 2.25, 7.75],
			"to": [9.75, 3.25, 8.25],
			"rotation": {"angle": 0, "axis": "y", "origin": [15, 10.25, 16.75]},
			"faces": {
				"north": {"uv": [0, 0, 3.5, 1], "texture": "#0"},
				"east": {"uv": [0, 0, 0.5, 1], "texture": "#0"},
				"south": {"uv": [0, 0, 3.5, 1], "texture": "#0"},
				"west": {"uv": [0, 0, 0.5, 1], "texture": "#0"},
				"up": {"uv": [0, 0, 3.5, 0.5], "texture": "#0"},
				"down": {"uv": [0, 0, 3.5, 0.5], "texture": "#0"}
			}
		},
		{
			"from": [6.25, 3.5, 7.75],
			"to": [9.75, 4.5, 8.25],
			"rotation": {"angle": 0, "axis": "y", "origin": [15, 11.5, 16.75]},
			"faces": {
				"north": {"uv": [0, 0, 3.5, 1], "texture": "#0"},
				"east": {"uv": [0, 0, 0.5, 1], "texture": "#0"},
				"south": {"uv": [0, 0, 3.5, 1], "texture": "#0"},
				"west": {"uv": [0, 0, 0.5, 1], "texture": "#0"},
				"up": {"uv": [0, 0, 3.5, 0.5], "texture": "#0"},
				"down": {"uv": [0, 0, 3.5, 0.5], "texture": "#0"}
			}
		},
		{
			"from": [7.75, 3.5, 6.25],
			"to": [8.25, 4.5, 9.75],
			"rotation": {"angle": 0, "axis": "y", "origin": [8, 4, 8]},
			"faces": {
				"north": {"uv": [0, 0, 0.5, 1], "texture": "#0"},
				"east": {"uv": [0, 0, 3.5, 1], "texture": "#0"},
				"south": {"uv": [0, 0, 0.5, 1], "texture": "#0"},
				"west": {"uv": [0, 0, 3.5, 1], "texture": "#0"},
				"up": {"uv": [0, 0, 3.5, 0.5], "rotation": 90, "texture": "#0"},
				"down": {"uv": [0, 0, 3.5, 0.5], "rotation": 270, "texture": "#0"}
			}
		},
		{
			"from": [7.75, 2.25, 6.25],
			"to": [8.25, 3.25, 9.75],
			"rotation": {"angle": 0, "axis": "y", "origin": [8, 2.75, 8]},
			"faces": {
				"north": {"uv": [0, 0, 0.5, 1], "texture": "#0"},
				"east": {"uv": [0, 0, 3.5, 1], "texture": "#0"},
				"south": {"uv": [0, 0, 0.5, 1], "texture": "#0"},
				"west": {"uv": [0, 0, 3.5, 1], "texture": "#0"},
				"up": {"uv": [0, 0, 3.5, 0.5], "rotation": 90, "texture": "#0"},
				"down": {"uv": [0, 0, 3.5, 0.5], "rotation": 270, "texture": "#0"}
			}
		},
		{
			"from": [7.75, 1, 6.25],
			"to": [8.25, 2, 9.75],
			"rotation": {"angle": 0, "axis": "y", "origin": [8, 1.5, 8]},
			"faces": {
				"north": {"uv": [0, 0, 0.5, 1], "texture": "#0"},
				"east": {"uv": [0, 0, 3.5, 1], "texture": "#0"},
				"south": {"uv": [0, 0, 0.5, 1], "texture": "#0"},
				"west": {"uv": [0, 0, 3.5, 1], "texture": "#0"},
				"up": {"uv": [0, 0, 3.5, 0.5], "rotation": 90, "texture": "#0"},
				"down": {"uv": [0, 0, 3.5, 0.5], "rotation": 270, "texture": "#0"}
			}
		},
		{
			"from": [6.25, 2, 6.25],
			"to": [9.75, 2.25, 9.75],
			"rotation": {"angle": 0, "axis": "y", "origin": [15, 10, 15]},
			"faces": {
				"north": {"uv": [0, 0, 3.5, 0.25], "texture": "#0"},
				"east": {"uv": [0, 0, 3.5, 0.25], "texture": "#0"},
				"south": {"uv": [0, 0, 3.5, 0.25], "texture": "#0"},
				"west": {"uv": [0, 0, 3.5, 0.25], "texture": "#0"},
				"up": {"uv": [0, 0, 3.5, 3.5], "texture": "#0"},
				"down": {"uv": [0, 0, 3.5, 3.5], "texture": "#0"}
			}
		},
		{
			"from": [6.25, 3.25, 6.25],
			"to": [9.75, 3.5, 9.75],
			"rotation": {"angle": 0, "axis": "y", "origin": [15, 11.25, 15]},
			"faces": {
				"north": {"uv": [0, 0, 3.5, 0.25], "texture": "#0"},
				"east": {"uv": [0, 0, 3.5, 0.25], "texture": "#0"},
				"south": {"uv": [0, 0, 3.5, 0.25], "texture": "#0"},
				"west": {"uv": [0, 0, 3.5, 0.25], "texture": "#0"},
				"up": {"uv": [0, 0, 3.5, 3.5], "texture": "#0"},
				"down": {"uv": [0, 0, 3.5, 3.5], "texture": "#0"}
			}
		}
	],
	"display": {
		"thirdperson_righthand": {
			"rotation": [0, -135, 0],
			"translation": [0, 3.75, 0]
		},
		"thirdperson_lefthand": {
			"rotation": [0, -135, 0],
			"translation": [0, 3.75, 0]
		},
		"firstperson_righthand": {
			"rotation": [0, -98, 0],
			"translation": [0, 3.25, 0]
		},
		"firstperson_lefthand": {
			"rotation": [0, -96, 0],
			"translation": [0, 3.5, 0]
		},
		"ground": {
			"translation": [0, 6.5, 0]
		},
		"gui": {
			"rotation": [23, 113, 0],
			"translation": [0, 8.75, 0],
			"scale": [2, 2, 1.97]
		},
		"head": {
			"rotation": [0, -57, 0],
			"translation": [0, 14.25, 0]
		},
		"fixed": {
			"rotation": [0, -67, 0],
			"translation": [0, 9.25, 0],
			"scale": [2, 2, 2]
		}
	}
}